<?xml version="1.0" encoding="UTF-8"?>
<!DOCTYPE manifest PUBLIC "-//MECA//DTD Manifest v1.0//en" "MECA_manifest.dtd">
<manifest manifest-version="1" xmlns="https://manuscriptexchange.org/schema/manifest" xmlns:xlink="http://www.w3.org/1999/xlink">
  <item item-type="article-metadata">
    <instance media-type="text/xml" xlink:href="article.xml"/>
  </item>
  <item item-type="manuscript">
    <instance media-type="application/vnd.openxmlformats-officedocument.wordprocessingml.document" xlink:href="article.docx"/>
  </item>
  <item item-type="manuscript">
    <instance media-type="application/pdf" xlink:href="article.pdf"/>
  </item>
  <item item-type="manuscript">
    <instance media-type="text/plain" xlink:href="_tex/article.tex"/>
  </item>
  <item item-type="manuscript-supporting-file">
    <instance media-type="application/pdf" xlink:href="_tex/images/Figure_Residuals.pdf"/>
  </item>
  <item item-type="manuscript-supporting-file">
    <instance media-type="application/pdf" xlink:href="_tex/images/Figure_Zr_Zr.pdf"/>
  </item>
  <item item-type="manuscript-supporting-file">
    <instance media-type="application/pdf" xlink:href="_tex/images/Figure_Na_K.pdf"/>
  </item>
  <item item-type="manuscript-supporting-file">
    <instance media-type="application/pdf" xlink:href="_tex/images/zircon_sat_rhyolite.pdf"/>
  </item>
  <item item-type="manuscript-supporting-file">
    <instance media-type="application/pdf" xlink:href="_tex/images/zircon_sat_Iceland-rhyolite.pdf"/>
  </item>
  <item item-type="manuscript-supporting-file">
    <instance media-type="application/pdf" xlink:href="_tex/images/zircon_sat_California-rhyolite.pdf"/>
  </item>
  <item item-type="manuscript-supporting-file">
    <instance media-type="application/pdf" xlink:href="_tex/images/zircon_sat_dacite.pdf"/>
  </item>
  <item item-type="manuscript-supporting-file">
    <instance media-type="application/pdf" xlink:href="_tex/images/zircon_sat_pantellerite.pdf"/>
  </item>
  <item item-type="manuscript-supporting-file">
    <instance media-type="application/pdf" xlink:href="_tex/images/zircon_sat_comendite.pdf"/>
  </item>
  <item item-type="manuscript-supporting-file">
    <instance media-type="application/pdf" xlink:href="_tex/images/zircon_sat_trachyte.pdf"/>
  </item>
  <item item-type="manuscript-supporting-file">
    <instance media-type="application/pdf" xlink:href="_tex/images/zircon_sat_phonolite.pdf"/>
  </item>
  <item item-type="manuscript-supporting-file">
    <instance media-type="application/pdf" xlink:href="_tex/images/zircon_sat_madupite.pdf"/>
  </item>
  <item item-type="manuscript-supporting-file">
    <instance media-type="application/pdf" xlink:href="_tex/images/zircon_sat_wyomingite.pdf"/>
  </item>
  <item item-type="manuscript-supporting-file">
    <instance media-type="application/pdf" xlink:href="_tex/images/MELTS-zr-rhyolite.pdf"/>
  </item>
  <item item-type="manuscript-supporting-file">
    <instance media-type="application/pdf" xlink:href="_tex/images/Temperature_recovery.pdf"/>
  </item>
  <item item-type="manuscript-supporting-file">
    <instance media-type="application/pdf" xlink:href="_tex/images/WandH_1983_temperature_recovery.pdf"/>
  </item>
  <item item-type="manuscript-supporting-file">
    <instance media-type="application/pdf" xlink:href="_tex/images/Boehnke_2013_temperature_recovery.pdf"/>
  </item>
  <item item-type="manuscript-supporting-file">
    <instance media-type="application/pdf" xlink:href="_tex/images/Gervasoni_et_al.pdf"/>
  </item>
  <item item-type="manuscript-supporting-file">
    <instance media-type="application/octet-stream" xlink:href="_tex/agujournal2019.cls"/>
  </item>
  <item item-type="manuscript-supporting-file">
    <instance media-type="application/octet-stream" xlink:href="_tex/references.bib"/>
  </item>
  <item item-type="manuscript-supporting-file">
    <instance media-type="image/png" xlink:href="images/Figure_Residuals.png"/>
  </item>
  <item item-type="manuscript-supporting-file">
    <instance media-type="image/png" xlink:href="images/Figure_Zr_Zr.png"/>
  </item>
  <item item-type="manuscript-supporting-file">
    <instance media-type="image/png" xlink:href="images/Figure_Na_K.png"/>
  </item>
  <item item-type="manuscript-supporting-file">
    <instance media-type="image/png" xlink:href="images/zircon_sat_rhyolite.png"/>
  </item>
  <item item-type="manuscript-supporting-file">
    <instance media-type="image/png" xlink:href="images/zircon_sat_Iceland-rhyolite.png"/>
  </item>
  <item item-type="manuscript-supporting-file">
    <instance media-type="image/png" xlink:href="images/zircon_sat_California-rhyolite.png"/>
  </item>
  <item item-type="manuscript-supporting-file">
    <instance media-type="image/png" xlink:href="images/zircon_sat_dacite.png"/>
  </item>
  <item item-type="manuscript-supporting-file">
    <instance media-type="image/png" xlink:href="images/zircon_sat_pantellerite.png"/>
  </item>
  <item item-type="manuscript-supporting-file">
    <instance media-type="image/png" xlink:href="images/zircon_sat_comendite.png"/>
  </item>
  <item item-type="manuscript-supporting-file">
    <instance media-type="image/png" xlink:href="images/zircon_sat_trachyte.png"/>
  </item>
  <item item-type="manuscript-supporting-file">
    <instance media-type="image/png" xlink:href="images/zircon_sat_phonolite.png"/>
  </item>
  <item item-type="manuscript-supporting-file">
    <instance media-type="image/png" xlink:href="images/zircon_sat_madupite.png"/>
  </item>
  <item item-type="manuscript-supporting-file">
    <instance media-type="image/png" xlink:href="images/zircon_sat_wyomingite.png"/>
  </item>
  <item item-type="manuscript-supporting-file">
    <instance media-type="image/png" xlink:href="images/MELTS-zr-rhyolite.png"/>
  </item>
  <item item-type="manuscript-supporting-file">
    <instance media-type="image/png" xlink:href="images/Temperature_recovery.png"/>
  </item>
  <item item-type="manuscript-supporting-file">
    <instance media-type="image/png" xlink:href="images/WandH_1983_temperature_recovery.png"/>
  </item>
  <item item-type="manuscript-supporting-file">
    <instance media-type="image/png" xlink:href="images/Boehnke_2013_temperature_recovery.png"/>
  </item>
  <item item-type="manuscript-supporting-file">
    <instance media-type="image/png" xlink:href="images/Gervasoni_et_al.png"/>
  </item>
  <item item-type="manuscript-supporting-file">
    <instance media-type="application/octet-stream" xlink:href="data/Boehnke_et_al.csv"/>
  </item>
  <item item-type="manuscript-supporting-file">
    <instance media-type="application/octet-stream" xlink:href="data/CO2_rMELTS_ZR_calib.c"/>
  </item>
  <item item-type="manuscript-supporting-file">
    <instance media-type="application/octet-stream" xlink:href="data/CO2_rMELTS_ZR_calib.h"/>
  </item>
  <item item-type="manuscript-supporting-file">
    <instance media-type="application/octet-stream" xlink:href="data/Gervasoni_2016.xlsx"/>
  </item>
  <item item-type="manuscript-supporting-file">
    <instance media-type="application/octet-stream" xlink:href="data/H2O_rMELTS_ZR_calib.c"/>
  </item>
  <item item-type="manuscript-supporting-file">
    <instance media-type="application/octet-stream" xlink:href="data/H2O_rMELTS_ZR_calib.h"/>
  </item>
  <item item-type="manuscript-supporting-file">
    <instance media-type="application/octet-stream" xlink:href="data/support_scripts.py"/>
  </item>
  <item item-type="manuscript-supporting-file">
    <instance media-type="application/octet-stream" xlink:href="data/Watson_and_Harrison.csv"/>
  </item>
  <item item-type="manuscript-supporting-file">
    <instance media-type="application/x-ipynb+json" xlink:href="notebooks/4-Liquid-MELTS-API-tests.ipynb"/>
  </item>
  <item item-type="manuscript-supporting-file">
    <instance media-type="application/x-ipynb+json" xlink:href="notebooks/2-Endmembers-MELTS.ipynb"/>
  </item>
  <item item-type="manuscript-supporting-file">
    <instance media-type="application/x-ipynb+json" xlink:href="notebooks/5-Liquid-MELTS-calib-1.ipynb"/>
  </item>
  <item item-type="manuscript-supporting-file">
    <instance media-type="application/x-ipynb+json" xlink:href="notebooks/3-Liquid-MELTS-codegen.ipynb"/>
  </item>
  <item item-type="manuscript-supporting-file">
    <instance media-type="application/x-ipynb+json" xlink:href="notebooks/1-Model-description.ipynb"/>
  </item>
  <item item-type="manuscript-supporting-file">
    <instance media-type="application/x-ipynb+json" xlink:href="notebooks/6-Liquid-MELTS-calib-2.ipynb"/>
  </item>
  <item item-type="manuscript-supporting-file">
    <instance media-type="application/x-ipynb+json" xlink:href="notebooks/7-MELTS-with-Zr.ipynb"/>
  </item>
  <item item-type="article-source">
    <instance media-type="application/octet-stream" xlink:href="source/.github/workflows/publish.yml"/>
  </item>
  <item item-type="article-source">
    <instance media-type="application/octet-stream" xlink:href="source/.gitignore"/>
  </item>
  <item item-type="article-source">
    <instance media-type="application/octet-stream" xlink:href="source/.ipynb_checkpoints/article-checkpoint.qmd"/>
  </item>
  <item item-type="article-source">
    <instance media-type="application/octet-stream" xlink:href="source/.jupyter/jupyter_notebook_config.py"/>
  </item>
  <item item-type="article-source">
    <instance media-type="image/svg+xml" xlink:href="source/.jupyter/vscode.svg"/>
  </item>
  <item item-type="article-source">
    <instance media-type="application/json" xlink:href="source/.luarc.json"/>
  </item>
  <item item-type="article-source">
    <instance media-type="application/json" xlink:href="source/.vscode/settings.json"/>
  </item>
  <item item-type="article-source">
    <instance media-type="text/markdown" xlink:href="source/README.md"/>
  </item>
  <item item-type="article-source">
    <instance media-type="application/octet-stream" xlink:href="source/_extensions/quarto-journals/agu/_extension.yml"/>
  </item>
  <item item-type="article-source">
    <instance media-type="application/octet-stream" xlink:href="source/_extensions/quarto-journals/agu/agu.lua"/>
  </item>
  <item item-type="article-source">
    <instance media-type="application/octet-stream" xlink:href="source/_extensions/quarto-journals/agu/agujournal2019.cls"/>
  </item>
  <item item-type="article-source">
    <instance media-type="application/octet-stream" xlink:href="source/_extensions/quarto-journals/agu/american-geophysical-union.csl"/>
  </item>
  <item item-type="article-source">
    <instance media-type="text/plain" xlink:href="source/_extensions/quarto-journals/agu/partials/_affiliations.tex"/>
  </item>
  <item item-type="article-source">
    <instance media-type="text/plain" xlink:href="source/_extensions/quarto-journals/agu/partials/_authors.tex"/>
  </item>
  <item item-type="article-source">
    <instance media-type="text/plain" xlink:href="source/_extensions/quarto-journals/agu/partials/_corresponding-author.tex"/>
  </item>
  <item item-type="article-source">
    <instance media-type="text/plain" xlink:href="source/_extensions/quarto-journals/agu/partials/before-body.tex"/>
  </item>
  <item item-type="article-source">
    <instance media-type="text/plain" xlink:href="source/_extensions/quarto-journals/agu/partials/title.tex"/>
  </item>
  <item item-type="article-source">
    <instance media-type="application/octet-stream" xlink:href="source/_extensions/quarto-journals/agu/trackchanges.sty"/>
  </item>
  <item item-type="article-source">
    <instance media-type="application/octet-stream" xlink:href="source/_quarto.yml"/>
  </item>
  <item item-type="article-source-environment">
    <instance media-type="text/plain" xlink:href="source/apt.txt"/>
  </item>
  <item item-type="article-source">
    <instance media-type="application/x-ipynb+json" xlink:href="source/article.ipynb"/>
  </item>
  <item item-type="article-source">
    <instance media-type="application/octet-stream" xlink:href="source/article.qmd"/>
  </item>
  <item item-type="article-source">
    <instance media-type="application/octet-stream" xlink:href="source/data/Boehnke_et_al.csv"/>
  </item>
  <item item-type="article-source">
    <instance media-type="application/octet-stream" xlink:href="source/data/CO2_rMELTS_ZR_calib.c"/>
  </item>
  <item item-type="article-source">
    <instance media-type="application/octet-stream" xlink:href="source/data/CO2_rMELTS_ZR_calib.h"/>
  </item>
  <item item-type="article-source">
    <instance media-type="application/octet-stream" xlink:href="source/data/Gervasoni_2016.xlsx"/>
  </item>
  <item item-type="article-source">
    <instance media-type="application/octet-stream" xlink:href="source/data/H2O_rMELTS_ZR_calib.c"/>
  </item>
  <item item-type="article-source">
    <instance media-type="application/octet-stream" xlink:href="source/data/H2O_rMELTS_ZR_calib.h"/>
  </item>
  <item item-type="article-source">
    <instance media-type="application/octet-stream" xlink:href="source/data/Watson_and_Harrison.csv"/>
  </item>
  <item item-type="article-source">
    <instance media-type="application/octet-stream" xlink:href="source/data/support_scripts.py"/>
  </item>
  <item item-type="article-source-environment">
    <instance media-type="application/octet-stream" xlink:href="source/environment.yml"/>
  </item>
  <item item-type="article-source">
    <instance media-type="application/pdf" xlink:href="source/images/Boehnke_2013_temperature_recovery.pdf"/>
  </item>
  <item item-type="article-source">
    <instance media-type="image/png" xlink:href="source/images/Boehnke_2013_temperature_recovery.png"/>
  </item>
  <item item-type="article-source">
    <instance media-type="application/pdf" xlink:href="source/images/Figure_Na_K.pdf"/>
  </item>
  <item item-type="article-source">
    <instance media-type="image/png" xlink:href="source/images/Figure_Na_K.png"/>
  </item>
  <item item-type="article-source">
    <instance media-type="application/pdf" xlink:href="source/images/Figure_Residuals.pdf"/>
  </item>
  <item item-type="article-source">
    <instance media-type="image/png" xlink:href="source/images/Figure_Residuals.png"/>
  </item>
  <item item-type="article-source">
    <instance media-type="application/pdf" xlink:href="source/images/Figure_Zr_Zr.pdf"/>
  </item>
  <item item-type="article-source">
    <instance media-type="image/png" xlink:href="source/images/Figure_Zr_Zr.png"/>
  </item>
  <item item-type="article-source">
    <instance media-type="application/pdf" xlink:href="source/images/Gervasoni_et_al.pdf"/>
  </item>
  <item item-type="article-source">
    <instance media-type="image/png" xlink:href="source/images/Gervasoni_et_al.png"/>
  </item>
  <item item-type="article-source">
    <instance media-type="application/pdf" xlink:href="source/images/MELTS-zr-rhyolite.pdf"/>
  </item>
  <item item-type="article-source">
    <instance media-type="image/png" xlink:href="source/images/MELTS-zr-rhyolite.png"/>
  </item>
  <item item-type="article-source">
    <instance media-type="application/pdf" xlink:href="source/images/Temperature_recovery.pdf"/>
  </item>
  <item item-type="article-source">
    <instance media-type="image/png" xlink:href="source/images/Temperature_recovery.png"/>
  </item>
  <item item-type="article-source">
    <instance media-type="application/pdf" xlink:href="source/images/WandH_1983_temperature_recovery.pdf"/>
  </item>
  <item item-type="article-source">
    <instance media-type="image/png" xlink:href="source/images/WandH_1983_temperature_recovery.png"/>
  </item>
  <item item-type="article-source">
    <instance media-type="application/pdf" xlink:href="source/images/zircon_sat_California-rhyolite.pdf"/>
  </item>
  <item item-type="article-source">
    <instance media-type="image/png" xlink:href="source/images/zircon_sat_California-rhyolite.png"/>
  </item>
  <item item-type="article-source">
    <instance media-type="application/pdf" xlink:href="source/images/zircon_sat_Iceland-rhyolite.pdf"/>
  </item>
  <item item-type="article-source">
    <instance media-type="image/png" xlink:href="source/images/zircon_sat_Iceland-rhyolite.png"/>
  </item>
  <item item-type="article-source">
    <instance media-type="application/pdf" xlink:href="source/images/zircon_sat_comendite.pdf"/>
  </item>
  <item item-type="article-source">
    <instance media-type="image/png" xlink:href="source/images/zircon_sat_comendite.png"/>
  </item>
  <item item-type="article-source">
    <instance media-type="application/pdf" xlink:href="source/images/zircon_sat_dacite.pdf"/>
  </item>
  <item item-type="article-source">
    <instance media-type="image/png" xlink:href="source/images/zircon_sat_dacite.png"/>
  </item>
  <item item-type="article-source">
    <instance media-type="application/pdf" xlink:href="source/images/zircon_sat_madupite.pdf"/>
  </item>
  <item item-type="article-source">
    <instance media-type="image/png" xlink:href="source/images/zircon_sat_madupite.png"/>
  </item>
  <item item-type="article-source">
    <instance media-type="application/pdf" xlink:href="source/images/zircon_sat_pantellerite.pdf"/>
  </item>
  <item item-type="article-source">
    <instance media-type="image/png" xlink:href="source/images/zircon_sat_pantellerite.png"/>
  </item>
  <item item-type="article-source">
    <instance media-type="application/pdf" xlink:href="source/images/zircon_sat_phonolite.pdf"/>
  </item>
  <item item-type="article-source">
    <instance media-type="image/png" xlink:href="source/images/zircon_sat_phonolite.png"/>
  </item>
  <item item-type="article-source">
    <instance media-type="application/pdf" xlink:href="source/images/zircon_sat_rhyolite.pdf"/>
  </item>
  <item item-type="article-source">
    <instance media-type="image/png" xlink:href="source/images/zircon_sat_rhyolite.png"/>
  </item>
  <item item-type="article-source">
    <instance media-type="application/pdf" xlink:href="source/images/zircon_sat_trachyte.pdf"/>
  </item>
  <item item-type="article-source">
    <instance media-type="image/png" xlink:href="source/images/zircon_sat_trachyte.png"/>
  </item>
  <item item-type="article-source">
    <instance media-type="application/pdf" xlink:href="source/images/zircon_sat_wyomingite.pdf"/>
  </item>
  <item item-type="article-source">
    <instance media-type="image/png" xlink:href="source/images/zircon_sat_wyomingite.png"/>
  </item>
  <item item-type="article-source">
    <instance media-type="application/x-ipynb+json" xlink:href="source/notebooks/.ipynb_checkpoints/data-screening-checkpoint.ipynb"/>
  </item>
  <item item-type="article-source">
    <instance media-type="application/x-ipynb+json" xlink:href="source/notebooks/1-Model-description.ipynb"/>
  </item>
  <item item-type="article-source">
    <instance media-type="application/x-ipynb+json" xlink:href="source/notebooks/2-Endmembers-MELTS.ipynb"/>
  </item>
  <item item-type="article-source">
    <instance media-type="application/x-ipynb+json" xlink:href="source/notebooks/3-Liquid-MELTS-codegen.ipynb"/>
  </item>
  <item item-type="article-source">
    <instance media-type="application/x-ipynb+json" xlink:href="source/notebooks/4-Liquid-MELTS-API-tests.ipynb"/>
  </item>
  <item item-type="article-source">
    <instance media-type="application/x-ipynb+json" xlink:href="source/notebooks/5-Liquid-MELTS-calib-1.ipynb"/>
  </item>
  <item item-type="article-source">
    <instance media-type="application/x-ipynb+json" xlink:href="source/notebooks/6-Liquid-MELTS-calib-2.ipynb"/>
  </item>
  <item item-type="article-source">
    <instance media-type="application/x-ipynb+json" xlink:href="source/notebooks/7-MELTS-with-Zr.ipynb"/>
  </item>
  <item item-type="article-source-environment">
    <instance media-type="application/octet-stream" xlink:href="source/postBuild"/>
  </item>
  <item item-type="article-source">
    <instance media-type="application/octet-stream" xlink:href="source/references.bib"/>
  </item>
  <item item-type="article-source">
    <instance media-type="text/css" xlink:href="source/site_libs/bootstrap/bootstrap-icons.css"/>
  </item>
  <item item-type="article-source">
    <instance media-type="application/font-woff" xlink:href="source/site_libs/bootstrap/bootstrap-icons.woff"/>
  </item>
  <item item-type="article-source">
    <instance media-type="text/css" xlink:href="source/site_libs/bootstrap/bootstrap.min 2.css"/>
  </item>
  <item item-type="article-source">
    <instance media-type="text/css" xlink:href="source/site_libs/bootstrap/bootstrap.min.css"/>
  </item>
  <item item-type="article-source">
    <instance media-type="application/javascript" xlink:href="source/site_libs/bootstrap/bootstrap.min.js"/>
  </item>
  <item item-type="article-source">
    <instance media-type="application/javascript" xlink:href="source/site_libs/clipboard/clipboard.min.js"/>
  </item>
  <item item-type="article-source">
    <instance media-type="application/javascript" xlink:href="source/site_libs/manuscript-notebook/headroom.min.js"/>
  </item>
  <item item-type="article-source">
    <instance media-type="text/css" xlink:href="source/site_libs/quarto-contrib/glightbox/glightbox.min.css"/>
  </item>
  <item item-type="article-source">
    <instance media-type="application/javascript" xlink:href="source/site_libs/quarto-contrib/glightbox/glightbox.min.js"/>
  </item>
  <item item-type="article-source">
    <instance media-type="text/css" xlink:href="source/site_libs/quarto-contrib/glightbox/lightbox.css"/>
  </item>
  <item item-type="article-source">
    <instance media-type="application/javascript" xlink:href="source/site_libs/quarto-html/anchor.min.js"/>
  </item>
  <item item-type="article-source">
    <instance media-type="application/javascript" xlink:href="source/site_libs/quarto-html/popper.min.js"/>
  </item>
  <item item-type="article-source">
    <instance media-type="text/css" xlink:href="source/site_libs/quarto-html/quarto-syntax-highlighting.css"/>
  </item>
  <item item-type="article-source">
    <instance media-type="application/javascript" xlink:href="source/site_libs/quarto-html/quarto.js"/>
  </item>
  <item item-type="article-source">
    <instance media-type="text/css" xlink:href="source/site_libs/quarto-html/tippy.css"/>
  </item>
  <item item-type="article-source">
    <instance media-type="application/javascript" xlink:href="source/site_libs/quarto-html/tippy.umd.min.js"/>
  </item>
  <item item-type="article-source-directory">
    <instance media-type="application/x-directory" xlink:href="source"/>
  </item>
</manifest>